company,peer
BWXT,BWXT
LII,LII
FELE,FELE
RBC,RBC
CUO,CUO
AAON,AAON
AMSC,AMSC
LXU,LXU
TMO,TMO
HOLX,HOLX
JNJ,JNJ
BMY,BMY
PFE,PFE
BSX,BSX
AZNCF,AZNCF
MDT,MDT
RHHVF,RHHVF
MYL,MYL
LLY,LLY
AZN,AZN
BIIB,BIIB
NBIX,NBIX
BMY,BMY
PFE,PFE
AMGN,AMGN
GSK,GSK
GILD,GILD
DXC,DXC
IBM,IBM
G,G
WIT,WIT
CGEMY,CGEMY
CTSH,CTSH
NOK,NOK
SAP,SAP
INFY,INFY
ERIC,ERIC
NTDOY,NTDOY
GLUU,GLUU
TTWO,TTWO
PTE,PTE
EA,EA
MSFT,MSFT
SNE,SNE
KNMCY,KNMCY
PHG,PHG
OESX,OESX
RVLT,RVLT
HUBB,HUBB
CRM,CRM
ORCL,ORCL
NUAN,NUAN
INTU,INTU
MSFT,MSFT
SAP,SAP
ADSK,ADSK
HZO,HZO
GPC,GPC
PRTS,PRTS
ORLY,ORLY
AZO,AZO
MNRO,MNRO
NVDA,NVDA
TXN,TXN
HPQ,HPQ
INTC,INTC
MCHP,MCHP
SPWR,SPWR
DUK,DUK
SRE,SRE
D,D
ORA,ORA
EOCCY,EOCCY
NRG,NRG
ENIA,ENIA
AEP,AEP
IVZ,IVZ
GBL,GBL
BEN,BEN
PZN,PZN
WHG,WHG
AB,AB
BLK,BLK
EV,EV
WDR,WDR
LM,LM
PFG,PFG
AIZ,AIZ
AAME,AAME
CNO,CNO
UNM,UNM
BRKR,BRKR
TMO,TMO
SPMYY,SPMYY
ILMN,ILMN
PKI,PKI
NATI,NATI
AME,AME
TER,TER
GE,GE
DHR,DHR
VLO,VLO
MEOH,MEOH
AIQUY,AIQUY
INAP,INAP
LLNW,LLNW
NUAN,NUAN
T,T
IBM,IBM
VRSN,VRSN
QCOM,QCOM
EQIX,EQIX
FFIV,FFIV
DAL,DAL
LUV,LUV
HA,HA
UAL,UAL
SKYW,SKYW
JBLU,JBLU
ALGT,ALGT
AAL,AAL
PBR,PBR
GRA,GRA
HUN,HUN
BASFY,BASFY
XOM,XOM
WLK,WLK
POL,POL
DOC,DOC
ROIC,ROIC
VNO,VNO
IONS,IONS
BIIB,BIIB
VRTX,VRTX
AGIO,AGIO
REGN,REGN
XON,XON
QGEN,QGEN
RARE,RARE
GILD,GILD
XRAY,XRAY
MMM,MMM
DHR,DHR
BRC,BRC
FBHS,FBHS
CIX,CIX
SWK,SWK
NL,NL
ABT,ABT
ZTS,ZTS
MYL,MYL
MRK,MRK
GPN,GPN
PCOM,PCOM
FISV,FISV
FIS,FIS
AEE,AEE
XEL,XEL
DUK,DUK
MGEE,MGEE
ES,ES
DTE,DTE
ALE,ALE
WEC,WEC
CMS,CMS
PGR,PGR
PRU,PRU
LNC,LNC
TRV,TRV
UNM,UNM
HMN,HMN
SAFT,SAFT
ADBE,ADBE
BCOR,BCOR
AAPL,AAPL
AKAM,AKAM
EBAY,EBAY
YNDX,YNDX
FB,FB
IAC,IAC
MSFT,MSFT
BIDU,BIDU
PM,PM
IMBBY,IMBBY
VGR,VGR
XXII,XXII
BTI,BTI
OSTK,OSTK
CBS,CBS
MELI,MELI
COST,COST
GOOGL,GOOGL
EBAY,EBAY
WMT,WMT
MSFT,MSFT
XEL,XEL
LNT,LNT
DUK,DUK
OTTR,OTTR
D,D
WEC,WEC
CMS,CMS
DAL,DAL
ALK,ALK
LUV,LUV
LTM,LTM
HA,HA
UAL,UAL
SKYW,SKYW
SAVE,SAVE
JBLU,JBLU
ALGT,ALGT
XEL,XEL
DUK,DUK
EXC,EXC
D,D
PPL,PPL
SO,SO
ETR,ETR
NRG,NRG
AES,AES
BAC,BAC
V,V
COF,COF
JPM,JPM
MA,MA
C,C
DFS,DFS
AEG,AEG
AFG,AFG
PUK,PUK
ACGL,ACGL
WTM,WTM
HMN,HMN
SAFT,SAFT
CTL,CTL
DRE,DRE
TDS,TDS
CTT,CTT
CCI,CCI
RCI.B,RCI.B
PW,PW
PCH,PCH
LAND,LAND
VEOEY,VEOEY
CWT,CWT
AWR,AWR
CDZI,CDZI
WTR,WTR
YORW,YORW
MSEX,MSEX
ARTNA,ARTNA
SJW,SJW
FII,FII
PFG,PFG
RJF,RJF
TROW,TROW
SEIC,SEIC
AMG,AMG
HLF,HLF
WBA,WBA
OMI,OMI
PDCO,PDCO
OMCL,OMCL
CAH,CAH
MCK,MCK
HSIC,HSIC
CVS,CVS
EMR,EMR
BRKR,BRKR
JEHLY,JEHLY
TDY,TDY
ROP,ROP
A,A
GE,GE
ESE,ESE
DHR,DHR
BIIB,BIIB
JNJ,JNJ
ABBV,ABBV
BMY,BMY
PFE,PFE
ALXN,ALXN
RHHVF,RHHVF
GSK,GSK
GILD,GILD
OCC,OCC
MEI,MEI
BDC,BDC
RFIL,RFIL
AVX,AVX
ITT,ITT
TEL,TEL
COMM,COMM
CHK,CHK
HES,HES
XOM,XOM
MRO,MRO
CVX,CVX
OXY,OXY
COP,COP
MUR,MUR
DVN,DVN
MXIM,MXIM
TXN,TXN
ON,ON
SLAB,SLAB
SMTC,SMTC
STM,STM
MCHP,MCHP
CRUS,CRUS
PTC,PTC
RNMBY,RNMBY
SMGZY,SMGZY
A,A
CDNS,CDNS
DASTY,DASTY
SNPS,SNPS
GD,GD
ADSK,ADSK
HUM,HUM
CNC,CNC
UNH,UNH
GEHDY,GEHDY
RSNAY,RSNAY
AXS,AXS
WLTW,WLTW
PUKPF,PUKPF
ACGL,ACGL
MMC,MMC
CHK,CHK
EOG,EOG
MRO,MRO
CVX,CVX
PXD,PXD
OXY,OXY
COP,COP
DVN,DVN
NBL,NBL
GOOGL,GOOGL
BB,BB
HPQ,HPQ
IBM,IBM
NOK,NOK
MSFT,MSFT
ASYS,ASYS
ASMIY,ASMIY
LRCX,LRCX
TER,TER
SNPS,SNPS
ACLS,ACLS
KLAC,KLAC
ATEYY,ATEYY
ASML,ASML
VC,VC
GNTX,GNTX
MGA,MGA
ALV,ALV
TSN,TSN
INGR,INGR
BRFS3,BRFS3
THS,THS
MGPI,MGPI
SEB,SEB
CZZ,CZZ
BG,BG
APWC,APWC
ARNC,ARNC
KALU,KALU
WLTW,WLTW
AON,AON
BRO,BRO
MMC,MMC
PFG,PFG
MET,MET
CNO,CNO
HIG,HIG
UNM,UNM
AFL,AFL
UNH,UNH
CTL,CTL
TDS,TDS
SHEN,SHEN
DIS,DIS
USM,USM
TMUS,TMUS
VZ,VZ
AMX,AMX
DTEGY,DTEGY
CMCSA,CMCSA
ADBE,ADBE
PTC,PTC
NUAN,NUAN
AAPL,AAPL
DDD,DDD
TRMB,TRMB
ANSS,ANSS
SNPS,SNPS
FFIV,FFIV
ACN,ACN
PAYX,PAYX
INTU,INTU
BBSI,BBSI
ADS,ADS
FNF,FNF
EFX,EFX
TNET,TNET
NSP,NSP
HZO,HZO
AAP,AAP
PRTS,PRTS
ORLY,ORLY
MNRO,MNRO
ACEIY,ACEIY
UDR,UDR
IRT,IRT
ASUUY,ASUUY
EQR,EQR
QUCCF,QUCCF
ESS,ESS
MAA,MAA
HUN,HUN
MMM,MMM
ACCO,ACCO
ITPOF,ITPOF
FTK,FTK
WFTIQ,WFTIQ
OIS,OIS
SLB,SLB
SPNV,SPNV
OII,OII
NOV,NOV
NR,NR
TTI,TTI
HAL,HAL
WRK,WRK
CCK,CCK
SLGN,SLGN
TAP,TAP
NOC,NOC
PKG,PKG
SEE,SEE
BA,BA
BBT,BBT
WFC,WFC
JPM,JPM
BCS,BCS
USB,USB
C,C
TRMK,TRMK
TMO,TMO
BSX,BSX
OMI,OMI
ZBH,ZBH
BDX,BDX
HALO,HALO
CAH,CAH
MDT,MDT
SYK,SYK
ICUI,ICUI
FCBC,FCBC
UBSI,UBSI
BKU,BKU
PNC,PNC
FHN,FHN
CHCO,CHCO
STI,STI
SNV,SNV
HBAN,HBAN
HBIO,HBIO
TMO,TMO
HOLX,HOLX
VAR,VAR
XRAY,XRAY
RMD,RMD
ISRG,ISRG
BAX,BAX
BIO,BIO
TFX,TFX
SHLDQ,SHLDQ
VOXX,VOXX
AAPL,AAPL
GME,GME
AAN,AAN
CONN,CONN
SNE,SNE
HGGGQ,HGGGQ
AMZN,AMZN
SGMO,SGMO
JNJ,JNJ
SNY,SNY
ABBV,ABBV
PFE,PFE
BIO,BIO
ACOR,ACOR
AMGN,AMGN
GILD,GILD
IVZ,IVZ
BAC,BAC
AB,AB
WETF,WETF
LM,LM
AMG,AMG
BCOR,BCOR
INTU,INTU
CBZ,CBZ
WU,WU
ADP,ADP
PRGX,PRGX
MGI,MGI
LMT,LMT
ERJ,ERJ
RTN,RTN
UTX,UTX
SPR,SPR
NOC,NOC
HON,HON
GE,GE
GD,GD
TXT,TXT
MOD,MOD
OSK,OSK
VC,VC
NAV,NAV
LEA,LEA
MGA,MGA
DAN,DAN
HON,HON
TEN,TEN
CMI,CMI
CBL,CBL
DLR,DLR
VNO,VNO
TCO,TCO
ANGO,ANGO
EW,EW
MDT,MDT
SYK,SYK
CNMD,CNMD
MMSI,MMSI
TFX,TFX
PKIN,PKIN
PIAIF,PIAIF
PEAB4,PEAB4
POFNF,POFNF
LLY,LLY
AZN,AZN
JNJ,JNJ
SNY,SNY
ABBV,ABBV
PFE,PFE
NVS,NVS
AMGN,AMGN
MRK,MRK
CHK,CHK
EOG,EOG
MRO,MRO
PXD,PXD
OXY,OXY
COP,COP
QEP,QEP
BHP,BHP
COR,COR
QTS,QTS
CONE,CONE
COF,COF
ZION,ZION
TFSL,TFSL
STI,STI
CBS,CBS
AMCX,AMCX
VIAB,VIAB
DIS,DIS
CMCSA,CMCSA
CBS,CBS
AMCX,AMCX
VIAB,VIAB
DIS,DIS
CMCSA,CMCSA
CHTR,CHTR
NFLX,NFLX
DIS,DIS
AMX,AMX
SATS,SATS
GSAT,GSAT
CMCSA,CMCSA
VSAT,VSAT
COST,COST
FIVE,FIVE
BIG,BIG
DLTR,DLTR
WMT,WMT
TGT,TGT
FREDQ,FREDQ
DG,DG
WMMVY,WMMVY
FIVE,FIVE
BIG,BIG
TGT,TGT
FREDQ,FREDQ
AEE,AEE
DUK,DUK
FE,FE
EXC,EXC
SRE,SRE
CNP,CNP
ETR,ETR
NI,NI
CMS,CMS
IEX,IEX
SPXC,SPXC
IR,IR
PH,PH
FLS,FLS
ITW,ITW
GE,GE
NOV,NOV
EPAC,EPAC
DHR,DHR
EMN,EMN
ASH,ASH
FMC,FMC
PPG,PPG
HUN,HUN
BASFY,BASFY
WLK,WLK
AHKSY,AHKSY
AIQUY,AIQUY
AEE,AEE
XEL,XEL
LNT,LNT
MGEE,MGEE
ES,ES
WEC,WEC
NI,NI
CMS,CMS
AEE,AEE
NEE,NEE
XEL,XEL
FE,FE
PCG,PCG
D,D
PPL,PPL
SO,SO
AEP,AEP
WELL,WELL
CTT,CTT
PEAK,PEAK
VTR,VTR
UHT,UHT
SBRA,SBRA
PCH,PCH
TIPT,TIPT
UIS,UIS
ACN,ACN
EPAM,EPAM
IBM,IBM
WIT,WIT
CTSH,CTSH
MSFT,MSFT
INFY,INFY
CERN,CERN
SCHW,SCHW
RJF,RJF
LPLA,LPLA
SIEB,SIEB
SF,SF
LTS,LTS
AMTD,AMTD
GCAP,GCAP
IBKR,IBKR
ASH,ASH
FMC,FMC
SSL,SSL
GRA,GRA
XOM,XOM
WLK,WLK
MMM,MMM
CE,CE
POL,POL
EMR,EMR
NJDCY,NJDCY
RBC,RBC
AOS,AOS
OSTK,OSTK
MELI,MELI
COST,COST
EXPE,EXPE
GOOGL,GOOGL
FISV,FISV
GRPN,GRPN
MSFT,MSFT
AMZN,AMZN
NEU,NEU
GRA,GRA
PPG,PPG
PG,PG
CHD,CHD
MOS,MOS
ROL,ROL
CLX,CLX
IFF,IFF
CMD,CMD
XEL,XEL
FE,FE
PNM,PNM
PCG,PCG
PNW,PNW
AVA,AVA
HE,HE
SRE,SRE
POR,POR
AEP,AEP
BSX,BSX
LMAT,LMAT
MDT,MDT
ICUI,ICUI
CRY,CRY
MMSI,MMSI
ATVI,ATVI
GLUU,GLUU
DIS,DIS
TTWO,TTWO
PTE,PTE
MSFT,MSFT
SNE,SNE
KNMCY,KNMCY
ZNGA,ZNGA
SBGSY,SBGSY
IBM,IBM
ROP,ROP
HON,HON
COMM,COMM
AME,AME
MSFT,MSFT
GE,GE
ABB,ABB
DHR,DHR
DUK,DUK
EE,EE
OGE,OGE
EXC,EXC
D,D
ED,ED
PPL,PPL
SO,SO
AEP,AEP
CMS,CMS
APA,APA
CHK,CHK
MRO,MRO
PXD,PXD
OXY,OXY
COP,COP
DVN,DVN
NBL,NBL
RRC,RRC
OKE,OKE
EPD,EPD
WMB,WMB
COG,COG
HSE,HSE
AR,AR
SWN,SWN
FICO,FICO
PAYX,PAYX
MCO,MCO
FISV,FISV
FIS,FIS
ADP,ADP
EXPGY,EXPGY
CLGX,CLGX
CTL,CTL
COR,COR
AKAM,AKAM
AMH,AMH
UDR,UDR
AVB,AVB
IRT,IRT
MAA,MAA
AMH,AMH
UDR,UDR
AVB,AVB
IRT,IRT
EQR,EQR
MAA,MAA
NUS,NUS
SSDOY,SSDOY
IPAR,IPAR
PG,PG
UL,UL
REV,REV
BDRFY,BDRFY
COTY,COTY
AVP,AVP
MHLD,MHLD
ACGL,ACGL
RNR,RNR
LNT,LNT
AGR,AGR
UTL,UTL
NGG,NGG
D,D
ED,ED
PPL,PPL
AEE,AEE
NEE,NEE
XEL,XEL
PEG,PEG
FE,FE
D,D
EIX,EIX
PPL,PPL
ETR,ETR
NRG,NRG
TRIP,TRIP
MMYT,MMYT
TZOO,TZOO
UPS,UPS
FDX,FDX
CHRW,CHRW
HUBG,HUBG
RLGT,RLGT
LSI,LSI
PSA,PSA
AKR,AKR
SP,SP
E,E
HFC,HFC
TOT,TOT
HES,HES
HON,HON
CVX,CVX
OXY,OXY
BP,BP
PSX,PSX
COP,COP
RDWR,RDWR
ALLT,ALLT
ATEN,ATEN
JNPR,JNPR
CSCO,CSCO
RNWK,RNWK
MEET,MEET
GOOGL,GOOGL
TWTR,TWTR
RENN,RENN
IAC,IAC
WB,WB
MSFT,MSFT
GWW,GWW
MSM,MSM
AXE,AXE
HDS,HDS
LAWS,LAWS
WCC,WCC
PMT,PMT
BDN,BDN
MAC,MAC
UPS,UPS
ATSG,ATSG
EXPD,EXPD
CHRW,CHRW
DPSGY,DPSGY
AIRT,AIRT
EEFT,EEFT
GPN,GPN
V,V
EVTC,EVTC
FISV,FISV
ADS,ADS
ACIW,ACIW
MA,MA
BAC,BAC
PNC,PNC
WFC,WFC
CBSH,CBSH
LCNB,LCNB
WTFC,WTFC
STI,STI
HBAN,HBAN
NEE,NEE
PEG,PEG
EXC,EXC
D,D
ED,ED
PPL,PPL
SO,SO
NRG,NRG
AEP,AEP
JKHY,JKHY
INTU,INTU
V,V
EBAY,EBAY
ACIW,ACIW
WU,WU
FIS,FIS
MA,MA
TMO,TMO
LLL,LLL
RTN,RTN
UTX,UTX
CUB,CUB
ESLT,ESLT
NOC,NOC
HON,HON
GD,GD
IEX,IEX
GGG,GGG
IR,IR
PH,PH
ITT,ITT
GRC,GRC
CFX,CFX
ITW,ITW
XYL,XYL
DOV,DOV
BWXT,BWXT
TPC,TPC
PWR,PWR
ACM,ACM
KBR,KBR
MTZ,MTZ
JEC,JEC
EMN,EMN
ASH,ASH
AVD,AVD
PPG,PPG
MBII,MBII
CHD,CHD
GCO,GCO
SCVL,SCVL
NKE,NKE
CAL,CAL
TM,TM
BMWYY,BMWYY
TSLA,TSLA
GM,GM
HMC,HMC
NSANY,NSANY
PUGOY,PUGOY
POAHY,POAHY
TTM,TTM
LGL,LGL
PRCP,PRCP
MLAB,MLAB
MKSI,MKSI
MAS,MAS
PATK,PATK
AWI,AWI
AMWD,AMWD
FII,FII
BLK,BLK
IGIFF,IGIFF
AMG,AMG
RIO,RIO
BBL,BBL
CVERDEC1,CVERDEC1
VALE,VALE
SCCO,SCCO
NEM,NEM
BHP,BHP
TECK,TECK
GMBXF,GMBXF
TLYS,TLYS
GES,GES
ANF,ANF
BKE,BKE
URBN,URBN
AEO,AEO
HNNMY,HNNMY
EXPR,EXPR
LLL,LLL
MSI,MSI
HON,HON
TRMB,TRMB
FLIR,FLIR
JOUT,JOUT
KVHI,KVHI
CMTL,CMTL
NCI,NCI
NLSN,NLSN
FORR,FORR
LMT,LMT
EADSY,EADSY
KTOS,KTOS
BAESY,BAESY
RTN,RTN
NOC,NOC
HON,HON
BA,BA
TXT,TXT
HTHIY,HTHIY
PHG,PHG
TMO,TMO
UTX,UTX
CAT,CAT
SIEGY,SIEGY
MMM,MMM
HON,HON
MDT,MDT
DHR,DHR
CAG,CAG
HAIN,HAIN
POST,POST
MDLZ,MDLZ
STFXY,STFXY
SJM,SJM
THS,THS
K,K
TM,TM
GNTX,GNTX
TSLA,TSLA
HMC,HMC
F,F
TTM,TTM
SNA,SNA
AAP,AAP
PRTS,PRTS
SMP,SMP
DORM,DORM
ORLY,ORLY
LKQ,LKQ
LLY,LLY
BIIB,BIIB
JNJ,JNJ
VRTX,VRTX
ABBV,ABBV
ILMN,ILMN
ALXN,ALXN
AMGN,AMGN
MRK,MRK
EEFT,EEFT
INTU,INTU
EVTC,EVTC
EBAY,EBAY
FISV,FISV
WU,WU
FIS,FIS
MA,MA
BAC,BAC
DB,DB
CSGKF,CSGKF
JPM,JPM
SMFG,SMFG
BCS,BCS
C,C
MS,MS
NKRKY,NKRKY
CTTAY,CTTAY
BRDCY,BRDCY
MGDDY,MGDDY
CTB,CTB
SNA,SNA
MSM,MSM
WSO.B,WSO.B
AXE,AXE
FAST,FAST
HDS,HDS
LAWS,LAWS
HWCC,HWCC
HSC,HSC
WCC,WCC
SLB,SLB
RES,RES
CKH,CKH
RDS.A,RDS.A
BKR,BKR
SPNV,SPNV
OII,OII
NOV,NOV
NR,NR
TTI,TTI
GIL,GIL
RL,RL
PVH,PVH
OXM,OXM
BMWYY,BMWYY
HMC,HMC
PII,PII
LLL,LLL
RTN,RTN
MSI,MSI
ITT,ITT
NOC,NOC
GD,GD
CMTL,CMTL
VSAT,VSAT
TCLRY,TCLRY
AVVIY,AVVIY
AEG,AEG
RLI,RLI
AIZ,AIZ
AFG,AFG
GNW,GNW
ACGL,ACGL
HALL,HALL
SIGI,SIGI
ATVI,ATVI
NTDOY,NTDOY
SGAMY,SGAMY
SGMS,SGMS
VIAB,VIAB
DIS,DIS
PTE,PTE
EA,EA
JAKK,JAKK
MAT,MAT
CYH,CYH
THC,THC
UHS,UHS
WELL,WELL
HTA,HTA
DOC,DOC
VTR,VTR
UHT,UHT
SBRA,SBRA
TIPT,TIPT
PESX,PESX
NBR,NBR
PTEN,PTEN
PDS,PDS
UNT,UNT
DO,DO
ABC,ABC
OMI,OMI
IDXX,IDXX
PDCO,PDCO
CAH,CAH
MCK,MCK
MDRX,MDRX
TOT,TOT
SNP,SNP
XOM,XOM
MRO,MRO
RDS.A,RDS.A
CVX,CVX
OXY,OXY
BP,BP
COP,COP
RDWR,RDWR
QUCCF,QUCCF
SFIV,SFIV
MAR,MAR
CHH,CHH
WYND,WYND
H,H
PHG,PHG
DGX,DGX
TMO,TMO
JNJ,JNJ
ABT,ABT
BSX,BSX
BDX,BDX
GE,GE
LL,LL
LOW,LOW
KGFHY,KGFHY
BLDR,BLDR
EMR,EMR
LMT,LMT
BAESY,BAESY
RTN,RTN
UTX,UTX
RYCEY,RYCEY
SAFRY,SAFRY
GE,GE
GD,GD
BA,BA
CAG,CAG
MRRTY,MRRTY
TSN,TSN
JBSAY,JBSAY
BRFS,BRFS
PPC,PPC
SEB,SEB
DRH,DRH
HT,HT
PEB,PEB
SOHO,SOHO
RLJ,RLJ
AHT,AHT
INN,INN
ORCL,ORCL
SMCI,SMCI
AAPL,AAPL
INTC,INTC
IBM,IBM
LNVGY,LNVGY
MSFT,MSFT
CSCO,CSCO
CAJ,CAJ
ANTM,ANTM
MOH,MOH
CNC,CNC
UNH,UNH
BBT,BBT
BAC,BAC
UBOH,UBOH
LCNB,LCNB
WSBC,WSBC
FFBC,FFBC
PRK,PRK
FITB,FITB
OVBC,OVBC
FNB,FNB
LMT,LMT
AVAV,AVAV
AJRD,AJRD
NOC,NOC
HON,HON
GD,GD
TMO,TMO
VIVO,VIVO
ABT,ABT
NEOG,NEOG
HSKA,HSKA
HSIC,HSIC
MSCI,MSCI
IBM,IBM
FDS,FDS
RELX,RELX
ENV,ENV
MORN,MORN
LECO,LECO
GGG,GGG
MIDD,MIDD
IR,IR
PH,PH
FLS,FLS
NDSN,NDSN
MMM,MMM
SWK,SWK
DOV,DOV
DGX,DGX
TMO,TMO
FLDM,FLDM
PACB,PACB
PKI,PKI
A,A
LMNX,LMNX
DHR,DHR
LLY,LLY
IONS,IONS
LGND,LGND
PFE,PFE
NVS,NVS
ARDX,ARDX
GERN,GERN
AVEO,AVEO
AMGN,AMGN
IMIAY,IMIAY
SPXC,SPXC
LII,LII
ATLCY,ATLCY
CUO,CUO
PH,PH
FLS,FLS
MXCYY,MXCYY
AAON,AAON
DOV,DOV
NVDA,NVDA
TXN,TXN
HPQ,HPQ
QCOM,QCOM
AMD,AMD
AMAT,AMAT
BOLYY,BOLYY
NDAQ,NDAQ
CBOE,CBOE
CME,CME
ACN,ACN
ORCL,ORCL
GOOGL,GOOGL
AAPL,AAPL
HPQ,HPQ
INTC,INTC
MSFT,MSFT
SAP,SAP
CSCO,CSCO
VMW,VMW
WRK,WRK
SEOAY,SEOAY
OJIPY,OJIPY
CMPC,CMPC
PKG,PKG
CLW,CLW
UFS,UFS
LAMR,LAMR
PUBGY,PUBGY
EBAY,EBAY
ADS,ADS
MDCA,MDCA
OMC,OMC
NCMI,NCMI
AMRS,AMRS
EL,EL
GRA,GRA
BCPC,BCPC
UG,UG
PG,PG
SXT,SXT
LRLCY,LRLCY
SCL,SCL
ADBE,ADBE
PAYX,PAYX
ORCL,ORCL
NUAN,NUAN
FISV,FISV
FIS,FIS
HRB,HRB
ADP,ADP
SAP,SAP
HOLX,HOLX
SNN,SNN
BSX,BSX
VAR,VAR
BDX,BDX
MDT,MDT
BAX,BAX
SYK,SYK
TFX,TFX
FMS,FMS
CG,CG
GBL,GBL
AB,AB
LAZ,LAZ
BLK,BLK
CNS,CNS
LM,LM
AMG,AMG
LPTH,LPTH
VIAV,VIAV
IIVI,IIVI
NOVT,NOVT
UTX,UTX
NOC,NOC
CIEN,CIEN
COHR,COHR
SCYX,SCYX
TMO,TMO
ICLR,ICLR
BASI,BASI
CRL,CRL
IDXG,IDXG
FISV,FISV
ADP,ADP
EFX,EFX
KSU,KSU
NSC,NSC
WERN,WERN
HUBG,HUBG
ODFL,ODFL
ARCB,ARCB
KNX,KNX
R,R
BWXT,BWXT
GVA,GVA
PWR,PWR
FLR,FLR
ACM,ACM
KBR,KBR
TTEK,TTEK
CAG,CAG
HAIN,HAIN
KHC,KHC
JVA,JVA
THS,THS
GIS,GIS
FARM,FARM
BGS,BGS
LLY,LLY
SNY,SNY
PFE,PFE
NVS,NVS
ABT,ABT
MDT,MDT
RHHVF,RHHVF
SYK,SYK
GSK,GSK
MRK,MRK
HTHIY,HTHIY
MSBHY,MSBHY
UTX,UTX
GE,GE
MMM,MMM
HON,HON
TXT,TXT
BAC,BAC
KEY,KEY
DB,DB
PNC,PNC
WFC,WFC
BCS,BCS
USB,USB
C,C
HSBC,HSBC
HPQ,HPQ
IBM,IBM
ZTCOY,ZTCOY
FTNT,FTNT
ADTN,ADTN
PANW,PANW
CIEN,CIEN
ERIC,ERIC
FFIV,FFIV
CSCO,CSCO
NSC,NSC
CP,CP
GWR,GWR
CNI,CNI
CSX,CSX
UNP,UNP
TSN,TSN
HAIN,HAIN
POST,POST
FLO,FLO
MDLZ,MDLZ
THS,THS
GIS,GIS
PEP,PEP
NRIM,NRIM
PNC,PNC
WFC,WFC
CFR,CFR
JPM,JPM
WSBC,WSBC
BHLB,BHLB
CMA,CMA
ZION,ZION
STI,STI
EL,EL
CL,CL
JNJ,JNJ
PG,PG
RBGPF,RBGPF
EPC,EPC
CLX,CLX
CLW,CLW
HENOY,HENOY
CLI,CLI
LXP,LXP
WRE,WRE
XOM,XOM
EPD,EPD
SXEEQ,SXEEQ
ASYS,ASYS
AEIS,AEIS
CAMT,CAMT
NVMI,NVMI
LRCX,LRCX
AMAT,AMAT
ASML,ASML
DDS,DDS
M,M
SHLDQ,SHLDQ
JWN,JWN
JCP,JCP
AONNY,AONNY
LE,LE
TGT,TGT
BONTQ,BONTQ
TSN,TSN
HAIN,HAIN
MDLZ,MDLZ
SJM,SJM
THS,THS
GIS,GIS
PEP,PEP
IMKTA,IMKTA
WMT,WMT
SFM,SFM
ASNA,ASNA
ROST,ROST
TJX,TJX
CHS,CHS
GPS,GPS
TGT,TGT
CBKC,CBKC
HNNMY,HNNMY
EXPR,EXPR
KTOS,KTOS
HRS,HRS
RTN,RTN
ITT,ITT
CUB,CUB
NOC,NOC
HON,HON
ESP,ESP
FLIR,FLIR
DGX,DGX
NEO,NEO
ENZ,ENZ
QGEN,QGEN
IDXX,IDXX
ASYS,ASYS
ASMIY,ASMIY
CVV,CVV
ACLS,ACLS
KLAC,KLAC
AMAT,AMAT
VECO,VECO
HNI,HNI
KNL,KNL
CRWS,CRWS
LZB,LZB
ETH,ETH
SNBR,SNBR
FLXS,FLXS
SCS,SCS
MLHR,MLHR
TPX,TPX
MHO,MHO
PHM,PHM
TOL,TOL
DHI,DHI
MDC,MDC
KBH,KBH
NVR,NVR
JNJ,JNJ
SNY,SNY
ABBV,ABBV
BMY,BMY
PFE,PFE
NVS,NVS
RHHVF,RHHVF
AMGN,AMGN
GSK,GSK
MRK,MRK
AEG,AEG
PRU,PRU
VOYA,VOYA
PUK,PUK
MET,MET
NWLI,NWLI
CNO,CNO
UNM,UNM
CPRT,CPRT
AAP,AAP
LAD,LAD
GPC,GPC
PRTS,PRTS
KAR,KAR
DORM,DORM
ORLY,ORLY
AVAV,AVAV
KTOS,KTOS
BAESY,BAESY
RTN,RTN
FINMY,FINMY
NOC,NOC
GD,GD
BA,BA
ALL,ALL
RLI,RLI
PGR,PGR
AFG,AFG
WRB,WRB
TRV,TRV
WTM,WTM
MKL,MKL
CNA,CNA
CB,CB
LL,LL
HD,HD
KGFHY,KGFHY
BLDR,BLDR
RLNIY,RLNIY
SSL,SSL
WLK,WLK
RDS.A,RDS.A
CE,CE
BAK,BAK
BAC,BAC
BKU,BKU
EVBN,EVBN
PNC,PNC
NBTB,NBTB
WFC,WFC
CBSH,CBSH
SHBI,SHBI
WTFC,WTFC
EGBN,EGBN
CBL,CBL
BXP,BXP
TCO,TCO
DDS,DDS
SHLDQ,SHLDQ
TJX,TJX
JWN,JWN
JCP,JCP
TGT,TGT
BONTQ,BONTQ
KSS,KSS
HES,HES
XOM,XOM
RDS.A,RDS.A
CVX,CVX
OXY,OXY
COP,COP
MUR,MUR
DVN,DVN
VLO,VLO
HFC,HFC
DK,DK
XOM,XOM
CVX,CVX
BP,BP
PSX,PSX
STAY,STAY
HLT,HLT
CHH,CHH
WYND,WYND
H,H
MTN,MTN
GEHDY,GEHDY
RSNAY,RSNAY
AXS,AXS
AJG,AJG
WLTW,WLTW
AON,AON
PUKPF,PUKPF
BRO,BRO
ACGL,ACGL
USLM,USLM
CRH,CRH
VMC,VMC
OXY,OXY
FBHS,FBHS
PATK,PATK
AWI,AWI
AMWD,AMWD
T,T
V,V
TMUS,TMUS
WEX,WEX
VZ,VZ
WU,WU
FIS,FIS
AMZN,AMZN
HAS,HAS
NTDOY,NTDOY
SGAMY,SGAMY
DIS,DIS
BBW,BBW
EA,EA
KNMCY,KNMCY
JAKK,JAKK
CAG,CAG
TSN,TSN
HAIN,HAIN
TBLMY,TBLMY
THS,THS
BGS,BGS
PEP,PEP
CMG,CMG
ARCO,ARCO
WTBDY,WTBDY
GTIM,GTIM
TAST,TAST
WEN,WEN
JACK,JACK
SBUX,SBUX
YUM,YUM
PINC,PINC
ABC,ABC
OMI,OMI
PDCO,PDCO
CAH,CAH
HSIC,HSIC
MDRX,MDRX
CPSI,CPSI
CERN,CERN
IART,IART
JNJ,JNJ
ABT,ABT
BSX,BSX
OMI,OMI
ZBH,ZBH
EW,EW
BAX,BAX
SYK,SYK
CNMD,CNMD
LLY,LLY
JNJ,JNJ
SNY,SNY
BMY,BMY
PFE,PFE
NVS,NVS
TEVA,TEVA
RHHVF,RHHVF
AMGN,AMGN
GSK,GSK
AEG,AEG
AIZ,AIZ
AFG,AFG
VOYA,VOYA
PUK,PUK
CNO,CNO
HMN,HMN
HBIO,HBIO
BNSO,BNSO
BRKR,BRKR
TMO,TMO
PKI,PKI
WAT,WAT
BIO,BIO
XYL,XYL
DHR,DHR
MCRI,MCRI
BYD,BYD
CNTY,CNTY
MLCO,MLCO
LVS,LVS
WYNN,WYNN
PENN,PENN
ADI,ADI
MXIM,MXIM
TXN,TXN
ON,ON
SLAB,SLAB
CY,CY
STM,STM
MOSY,MOSY
NLST,NLST
INTC,INTC
WDC,WDC
STM,STM
PLAB,PLAB
RMBS,RMBS
ORCL,ORCL
GOOGL,GOOGL
AAPL,AAPL
HPQ,HPQ
IBM,IBM
SAP,SAP
CSCO,CSCO
UDR,UDR
AVB,AVB
IRT,IRT
EQR,EQR
CPT,CPT
ESS,ESS
DXYN,DXYN
TREX,TREX
DOOR,DOOR
FBHS,FBHS
AWI,AWI
TILE,TILE
KNBWY,KNBWY
CCU,CCU
SAM,SAM
STZ.B,STZ.B
BUD,BUD
BREW,BREW
CAG,CAG
HAIN,HAIN
CPB,CPB
HSY,HSY
JJSF,JJSF
GIS,GIS
PEP,PEP
K,K
NSRGY,NSRGY
ALGN,ALGN
JNJ,JNJ
HPQ,HPQ
JCI,JCI
XRAY,XRAY
HON,HON
ITW,ITW
GE,GE
AMZN,AMZN
DHR,DHR
CCEP,CCEP
REED,REED
FIZZ,FIZZ
PEP,PEP
KO,KO
COT,COT
MSCI,MSCI
EFX,EFX
SPGI,SPGI
MORN,MORN
CLGX,CLGX
MUFG,MUFG
BAC,BAC
DB,DB
CSGKF,CSGKF
JPM,JPM
BCS,BCS
C,C
GS,GS
CAMP,CAMP
WYY,WYY
BB,BB
HPQ,HPQ
ZTCOY,ZTCOY
HON,HON
QCOM,QCOM
ERIC,ERIC
SNY,SNY
PFE,PFE
LCI,LCI
TEVA,TEVA
RDY,RDY
HKXCY,HKXCY
MKTX,MKTX
DBOEY,DBOEY
CBOE,CBOE
CME,CME
OIS,OIS
SLB,SLB
DRQ,DRQ
BKR,BKR
NR,NR
FET,FET
SLM,SLM
NNI,NNI
AZN,AZN
JNJ,JNJ
PFE,PFE
NVS,NVS
ALKS,ALKS
ENZN,ENZN
BAX,BAX
RELL,RELL
AMGN,AMGN
MRK,MRK
TDC,TDC
STX,STX
SMCI,SMCI
HPQ,HPQ
WDC,WDC
QMCO,QMCO
VIAB,VIAB
DIS,DIS
DISH,DISH
BCE,BCE
CMCSA,CMCSA
AMZN,AMZN
HELE,HELE
EPC,EPC
ACU,ACU
CLX,CLX
CSL,CSL
ACCO,ACCO
TUP,TUP
BVN,BVN
FCX,FCX
SBGL,SBGL
AA,AA
AEM,AEM
GOLD,GOLD
RGLD,RGLD
GFI,GFI
AU,AU
CBS,CBS
NYT,NYT
DIS,DIS
LEE,LEE
RELX,RELX
TGNA,TGNA
PSO,PSO
CBS,CBS
NYT,NYT
DIS,DIS
LEE,LEE
RELX,RELX
TGNA,TGNA
PSO,PSO
XEL,XEL
DUK,DUK
FE,FE
ES,ES
EXC,EXC
D,D
PPL,PPL
SO,SO
ETR,ETR
SBSNY,SBSNY
GOOGL,GOOGL
SCOR,SCOR
AXSPY,AXSPY
IBM,IBM
IT,IT
FORR,FORR
SPGI,SPGI
JW.B,JW.B
TGNA,TGNA
CROX,CROX
SKX,SKX
ADDYY,ADDYY
DECK,DECK
UAA,UAA
SHOO,SHOO
DUK,DUK
ATO,ATO
GNE,GNE
SRE,SRE
CPK,CPK
APA,APA
CHK,CHK
EOG,EOG
MRO,MRO
COG,COG
PXD,PXD
QEP,QEP
DVN,DVN
DDS,DDS
M,M
ROST,ROST
TJX,TJX
JCP,JCP
BKE,BKE
SSI,SSI
SMRT,SMRT
CTRN,CTRN
KSS,KSS
KSU,KSU
CP,CP
GWR,GWR
CNI,CNI
CSX,CSX
UNP,UNP
BK,BK
PBCT,PBCT
BOKF,BOKF
WFC,WFC
COF,COF
JPM,JPM
NYCB,NYCB
WAFD,WAFD
STT,STT
LMT,LMT
KTOS,KTOS
LLL,LLL
BAESY,BAESY
RTN,RTN
UTX,UTX
GD,GD
BA,BA
CUK,CUK
CCL,CCL
CKH,CKH
RCL,RCL
NEE,NEE
DUK,DUK
EE,EE
OGE,OGE
ES,ES
EXC,EXC
EIX,EIX
SO,SO
AES,AES
X,X
MT,MT
STLD,STLD
GGB,GGB
WOR,WOR
CRS,CRS
CMC,CMC
USAP,USAP
SCHN,SCHN
PKX,PKX
TXN,TXN
INTC,INTC
QCOM,QCOM
MSFT,MSFT
STM,STM
AMBA,AMBA
AMD,AMD
AAP,AAP
HLFDY,HLFDY
GPC,GPC
PRTS,PRTS
AZO,AZO
MNRO,MNRO
LKQ,LKQ
APA,APA
HES,HES
XOM,XOM
EOG,EOG
MRO,MRO
CVX,CVX
COP,COP
SWN,SWN
DVN,DVN
LAMR,LAMR
IPG,IPG
PUBGY,PUBGY
EBAY,EBAY
ADS,ADS
MDCA,MDCA
SKLTY,SKLTY
NFG,NFG
GAILY,GAILY
ATO,ATO
SRE,SRE
SWX,SWX
UGI,UGI
OSGSY,OSGSY
EQT,EQT
ADBE,ADBE
CRM,CRM
INTU,INTU
QCOM,QCOM
CTXS,CTXS
MSFT,MSFT
SAP,SAP
MAOGY,MAOGY
OSK,OSK
WNC,WNC
NAV,NAV
SHKLY,SHKLY
HINOY,HINOY
F,F
IP,IP
GLT,GLT
WRK,WRK
GPK,GPK
CLW,CLW
IEX,IEX
IR,IR
ITT,ITT
ROK,ROK
CIR,CIR
DOV,DOV
EPAC,EPAC
CR,CR
DHR,DHR
INTU,INTU
ADP,ADP
EFX,EFX
NSP,NSP
SSNT,SSNT
WDHR,WDHR
VHUB,VHUB
RTNB,RTNB
IEX,IEX
XYL,XYL
DOV,DOV
CR,CR
WEBK,WEBK
PBBI,PBBI
TRST,TRST
BHLB,BHLB
BRKL,BRKL
MDLZ,MDLZ
KHC,KHC
UL,UL
MNST,MNST
KO,KO
K,K
NSRGY,NSRGY
HBIO,HBIO
BRKR,BRKR
TMO,TMO
FLDM,FLDM
ILMN,ILMN
BDX,BDX
WAT,WAT
A,A
BIO,BIO
CTLT,CTLT
UTHR,UTHR
DSKYF,DSKYF
LLY,LLY
AZN,AZN
JNJ,JNJ
BMY,BMY
NVS,NVS
ABT,ABT
AMGN,AMGN
MYL,MYL
GSK,GSK
MRK,MRK
XEL,XEL
AVA,AVA
HE,HE
SRE,SRE
D,D
EIX,EIX
WEC,WEC
POR,POR
CMS,CMS
IMBBY,IMBBY
VGR,VGR
XXII,XXII
MO,MO
BTI,BTI
VLO,VLO
HFC,HFC
XOM,XOM
CVX,CVX
CLMT,CLMT
MPC,MPC
XEL,XEL
IDA,IDA
PNM,PNM
EE,EE
AVA,AVA
EIX,EIX
NWE,NWE
APA,APA
LPI,LPI
EOG,EOG
MRO,MRO
QEP,QEP
CXO,CXO
DVN,DVN
NBL,NBL
BBT,BBT
RF,RF
KEY,KEY
WFC,WFC
JPM,JPM
WSBC,WSBC
FITB,FITB
STI,STI
HBI,HBI
GES,GES
VFC,VFC
TPR,TPR
PVH,PVH
KSS,KSS
GLW,GLW
OC,OC
BASFY,BASFY
RPM,RPM
SHW,SHW
NEE,NEE
DUK,DUK
AGR,AGR
FE,FE
EXC,EXC
ED,ED
SO,SO
ETR,ETR
AES,AES
AEP,AEP
AEG,AEG
AIZ,AIZ
CNO,CNO
AFL,AFL
EL,EL
CL,CL
JNJ,JNJ
KMB,KMB
LRLCY,LRLCY
CHD,CHD
RBGPF,RBGPF
CLX,CLX
CAWW,CAWW
HENOY,HENOY
MCY,MCY
ALL,ALL
TRV,TRV
HALL,HALL
HMN,HMN
SIGI,SIGI
SAFT,SAFT
FR,FR
COR,COR
MNR,MNR
STAG,STAG
QTS,QTS
EGP,EGP
DLR,DLR
REXR,REXR
AEG,AEG
GNW,GNW
LNC,LNC
PUK,PUK
MET,MET
AEE,AEE
XEL,XEL
DUK,DUK
FE,FE
EXC,EXC
ED,ED
PPL,PPL
SO,SO
NRG,NRG
LSI,LSI
PSB,PSB
EXR,EXR
TOL,TOL
DHI,DHI
MDC,MDC
KBH,KBH
LEN.B,LEN.B
HBI,HBI
GIII,GIII
VFC,VFC
RL,RL
OXM,OXM
DLA,DLA
SWKS,SWKS
ADI,ADI
MXIM,MXIM
PRKR,PRKR
MTSI,MTSI
NVDA,NVDA
MXIM,MXIM
TXN,TXN
GOOGL,GOOGL
BB,BB
MSI,MSI
NOK,NOK
SNE,SNE
ERIC,ERIC
CSCO,CSCO
PRIM,PRIM
MYRG,MYRG
FLR,FLR
DY,DY
EME,EME
IESC,IESC
MTZ,MTZ
NEO,NEO
LH,LH
ENZ,ENZ
QGEN,QGEN
PMD,PMD
SKHHY,SKHHY
CHK,CHK
ECA,ECA
COG,COG
AR,AR
PXD,PXD
CXO,CXO
EQT,EQT
NBL,NBL
SCHW,SCHW
LPLA,LPLA
SIEB,SIEB
SF,SF
ETFC,ETFC
LTS,LTS
AMTD,AMTD
LMT,LMT
LLL,LLL
ITT,ITT
NOC,NOC
HON,HON
FLIR,FLIR
GD,GD
BA,BA
TWO,TWO
COR,COR
MPW,MPW
PMT,PMT
SYMC,SYMC
ORCL,ORCL
GOOGL,GOOGL
HPQ,HPQ
IBM,IBM
CTXS,CTXS
MSFT,MSFT
NTAP,NTAP
VMW,VMW
PEB,PEB
PEI,PEI
BIIB,BIIB
JNJ,JNJ
SNY,SNY
NVS,NVS
ALNY,ALNY
AMGN,AMGN
BBT,BBT
BAC,BAC
BXS,BXS
BKU,BKU
PNC,PNC
WFC,WFC
PNFP,PNFP
FHN,FHN
TRMK,TRMK
ONB,ONB
VEOEY,VEOEY
WCN,WCN
SRCL,SRCL
CWST,CWST
PESI,PESI
WM,WM
CLH,CLH
PHG,PHG
TMO,TMO
ELMD,ELMD
LLIT,LLIT
AHPI,AHPI
MDT,MDT
MASI,MASI
INGN,INGN
KELYA,KELYA
MAN,MAN
AHEXY,AHEXY
HSII,HSII
TBI,TBI
BBSI,BBSI
KFRC,KFRC
KFY,KFY
EMR,EMR
AZPN,AZPN
HOLI,HOLI
PH,PH
PRCP,PRCP
HON,HON
AME,AME
FLIR,FLIR
MSFT,MSFT
ABB,ABB
EMR,EMR
IEX,IEX
TMO,TMO
WTS,WTS
PKI,PKI
BMI,BMI
AME,AME
GE,GE
TFX,TFX
DHR,DHR
OSTK,OSTK
TJX,TJX
JWN,JWN
GES,GES
GPS,GPS
ANF,ANF
URBN,URBN
SMRT,SMRT
CTRN,CTRN
AEO,AEO
MAR,MAR
CUK,CUK
CCL,CCL
DIS,DIS
NCLH,NCLH
WYND,WYND
JW.A,JW.A
MCO,MCO
MSCI,MSCI
RRD,RRD
FDS,FDS
MORN,MORN
PSO,PSO
ADBE,ADBE
BVSN,BVSN
ATEA,ATEA
ORCL,ORCL
INTU,INTU
MSFT,MSFT
SAP,SAP
TDS,TDS
AMT,AMT
CCI,CCI
USM,USM
CKH,CKH
BKR,BKR
SUBCY,SUBCY
AROC,AROC
OII,OII
NOV,NOV
HAL,HAL
HPQ,HPQ
WDC,WDC
MSFT,MSFT
NTAP,NTAP
ATR,ATR
SON,SON
WRK,WRK
SLGN,SLGN
WPK,WPK
GEF.B,GEF.B
BERY,BERY
NEE,NEE
PCG,PCG
CPYYY,CPYYY
MDU,MDU
D,D
SWX,SWX
UGI,UGI
NI,NI
MAS,MAS
PPG,PPG
FUL,FUL
RPM,RPM
HD,HD
SNR,SNR
VRTA,VRTA
ARE,ARE
VNO,VNO
ADI,ADI
MXIM,MXIM
PRKR,PRKR
QRVO,QRVO
MTSI,MTSI
HPP,HPP
VNO,VNO
DEI,DEI
LECO,LECO
MKTAY,MKTAY
ALG,ALG
PFIN,PFIN
AMDLY,AMDLY
SWK,SWK
HSQVY,HSQVY
TTC,TTC
NWL,NWL
DHR,DHR
NEE,NEE
DUK,DUK
FE,FE
EE,EE
D,D
PPL,PPL
ETR,ETR
NRG,NRG
AEP,AEP
DAL,DAL
ALK,ALK
HA,HA
UAL,UAL
SKYW,SKYW
SAVE,SAVE
JBLU,JBLU
ALGT,ALGT
AAL,AAL
LECO,LECO
MKTAY,MKTAY
SNA,SNA
PFIN,PFIN
MMM,MMM
TTC,TTC
ITW,ITW
GE,GE
KMT,KMT
DRI,DRI
DNKN,DNKN
EAT,EAT
MCD,MCD
WEN,WEN
CBRL,CBRL
QSR,QSR
PEP,PEP
YUM,YUM
BK,BK
BAC,BAC
JPM,JPM
BCS,BCS
NTRS,NTRS
C,C
SMED,SMED
RSG,RSG
WM,WM
HRC,HRC
IART,IART
SNN,SNN
BSX,BSX
ZBH,ZBH
EW,EW
MDT,MDT
BAX,BAX
WMGI,WMGI
BBT,BBT
FCBC,FCBC
UBSI,UBSI
BKU,BKU
PNC,PNC
WFC,WFC
PNFP,PNFP
FHN,FHN
SNV,SNV
OPB,OPB
CVCY,CVCY
CATY,CATY
EWBC,EWBC
CWBC,CWBC
BMRC,BMRC
HTBK,HTBK
CVBF,CVBF
ADBE,ADBE
ORCL,ORCL
INTU,INTU
INTC,INTC
IBM,IBM
TMICY,TMICY
MSFT,MSFT
SAP,SAP
VMW,VMW
HTZ,HTZ
V,V
FLT,FLT
MA,MA
INTC,INTC
CEVA,CEVA
NATI,NATI
CDNS,CDNS
PDFS,PDFS
ANSS,ANSS
ADSK,ADSK
XPER,XPER
DIT,DIT
CHEF,CHEF
UNFI,UNFI
WILC,WILC
SPTN,SPTN
CORE,CORE
FII,FII
BEN,BEN
AMP,AMP
AB,AB
EV,EV
GROW,GROW
WDR,WDR
VRTS,VRTS
AMG,AMG
ATVI,ATVI
GLUU,GLUU
PTE,PTE
EA,EA
HICTY,HICTY
MSFT,MSFT
YOKEY,YOKEY
SNE,SNE
KNMCY,KNMCY
EL,EL
LVMUY,LVMUY
FOSL,FOSL
TLF,TLF
GES,GES
BBRYF,BBRYF
CFRUY,CFRUY
RL,RL
MOV,MOV
DG,DG
TUES,TUES
COST,COST
WMMVY,WMMVY
M,M
SHLDQ,SHLDQ
DLTR,DLTR
WMT,WMT
FREDQ,FREDQ
KSS,KSS
GLW,GLW
OCC,OCC
NJDCY,NJDCY
TTDKY,TTDKY
AVX,AVX
KYOCY,KYOCY
MMM,MMM
COMM,COMM
APH,APH
LFUS,LFUS
OIS,OIS
PROP,PROP
MDIKF,MDIKF
NOV,NOV
NVDA,NVDA
ADI,ADI
MXIM,MXIM
ON,ON
INTC,INTC
QCOM,QCOM
STM,STM
LMT,LMT
EADSY,EADSY
AVAV,AVAV
BAESY,BAESY
ERJ,ERJ
AIR,AIR
SPR,SPR
GD,GD
BA,BA
WFC,WFC
JPM,JPM
NTRS,NTRS
C,C
STT,STT
CM,CM
OBCI,OBCI
CHD,CHD
RBGPF,RBGPF
BDRFY,BDRFY
UNLRY,UNLRY
HENOY,HENOY
JNJ,JNJ
ATRI,ATRI
NVS,NVS
BSX,BSX
UTMD,UTMD
TEAR,TEAR
TFX,TFX
JBSS,JBSS
HAIN,HAIN
MDLZ,MDLZ
TROLB,TROLB
RMCF,RMCF
GIS,GIS
NSRGY,NSRGY
IPI,IPI
VALE,VALE
KPLUY,KPLUY
BG,BG
CF,CF
ICL,ICL
ALL,ALL
RLI,RLI
AFG,AFG
ACGL,ACGL
WTM,WTM
Y,Y
SIGI,SIGI
CBS,CBS
DISCA,DISCA
AMCX,AMCX
VIAB,VIAB
SNE,SNE
CMCSA,CMCSA
PSO,PSO
HBIO,HBIO
PKI,PKI
ISRG,ISRG
BDX,BDX
WAT,WAT
A,A
BAX,BAX
BIO,BIO
TFX,TFX
DHR,DHR
BGI,BGI
SIG,SIG
DGSE,DGSE
CTHR,CTHR
ASNA,ASNA
M,M
ROST,ROST
JWN,JWN
GES,GES
GPS,GPS
TGT,TGT
URBN,URBN
SMRT,SMRT
AEO,AEO
GEHDY,GEHDY
AVVIY,AVVIY
FFG,FFG
CIA,CIA
AAME,AAME
AAGIY,AAGIY
CNO,CNO
KCLI,KCLI
DCYHY,DCYHY
UNM,UNM
GPN,GPN
GDOT,GDOT
V,V
FISV,FISV
ACIW,ACIW
FIS,FIS
MA,MA
MGI,MGI
POOL,POOL
JCTCF,JCTCF
TITN,TITN
LOW,LOW
CONN,CONN
HD,HD
SHW,SHW
LKQ,LKQ
AMZN,AMZN
WWD,WWD
AIRI,AIRI
ATRO,ATRO
CVU,CVU
SPR,SPR
HON,HON
BA,BA
MOG.A,MOG.A
EXPE,EXPE
MMYT,MMYT
GOBK,GOBK
SAFM,SAFM
BRFS,BRFS
PPC,PPC
SEB,SEB
HRL,HRL
BAC,BAC
GSBC,GSBC
WFC,WFC
NBHC,NBHC
C,C
AMH,AMH
AVB,AVB
FGP,FGP
IRT,IRT
EQR,EQR
CPT,CPT
ESS,ESS
MMLP,MMLP
MAA,MAA
LB,LB
RGS,RGS
WBA,WBA
SBH,SBH
CVS,CVS
SKX,SKX
NKE,NKE
GES,GES
CDGXF,CDGXF
HLWD,HLWD
COLM,COLM
SQBG,SQBG
PVH,PVH
UAA,UAA
LOTE,LOTE
TGRP,TGRP
RYPPF,RYPPF
KSU,KSU
NSC,NSC
CP,CP
GWR,GWR
CNI,CNI
CSX,CSX
DAL,DAL
ALK,ALK
LUV,LUV
HA,HA
SKYW,SKYW
SAVE,SAVE
JBLU,JBLU
ALGT,ALGT
AAL,AAL
HUM,HUM
ANTM,ANTM
CNC,CNC
ATSG,ATSG
FDX,FDX
EXPD,EXPD
CHRW,CHRW
DPSGY,DPSGY
AIRT,AIRT
OSK,OSK
HTZ,HTZ
FAST,FAST
HEES,HEES
TEX,TEX
LMT,LMT
SIF,SIF
RYCEY,RYCEY
NOC,NOC
HON,HON
GE,GE
BA,BA
TGI,TGI
SEM,SEM
CYH,CYH
MD,MD
HCA,HCA
THC,THC
ACHC,ACHC
SSY,SSY
PFG,PFG
AIZ,AIZ
AAME,AAME
VOYA,VOYA
CNO,CNO
AFL,AFL
HBI,HBI
GIL,GIL
BURBY,BURBY
NKE,NKE
VNCE,VNCE
RL,RL
TPR,TPR
PVH,PVH
HFC,HFC
CVI,CVI
PBF,PBF
DK,DK
CLMT,CLMT
PSX,PSX
MPC,MPC
PHG,PHG
TMO,TMO
LLL,LLL
HOLX,HOLX
ARAY,ARAY
RMD,RMD
ICAD,ICAD
BDX,BDX
ISR,ISR
GE,GE
DRE,DRE
WELL,WELL
BKD,BKD
HTA,HTA
DOC,DOC
PEAK,PEAK
UHT,UHT
SBRA,SBRA
TIPT,TIPT
AKAM,AKAM
T,T
IBM,IBM
VZ,VZ
SYNC,SYNC
TCX,TCX
FICO,FICO
PRZM,PRZM
CRD.B,CRD.B
CLGX,CLGX
TDS,TDS
SHEN,SHEN
GOOGL,GOOGL
VOD,VOD
AAPL,AAPL
T,T
USM,USM
TMUS,TMUS
SPOK,SPOK
DTEGY,DTEGY
JNJ,JNJ
ABBV,ABBV
BMY,BMY
ENZN,ENZN
ENTA,ENTA
MRK,MRK
GILD,GILD
CBS,CBS
LGF.A,LGF.A
DISCA,DISCA
AMCX,AMCX
DIS,DIS
RCI,RCI
CMCSA,CMCSA
UEPS,UEPS
EBAY,EBAY
WEX,WEX
FIS,FIS
MA,MA
LXP,LXP
ALX,ALX
SLG,SLG
MAS,MAS
CRH,CRH
CX,CX
AWI,AWI
MDU,MDU
HCMLY,HCMLY
MLM,MLM
DG,DG
COST,COST
M,M
SHLDQ,SHLDQ
DLTR,DLTR
EBAY,EBAY
JCP,JCP
TGT,TGT
AMZN,AMZN
KSS,KSS
PETS,PETS
VSI,VSI
CVS,CVS
VEOEY,VEOEY
WCN,WCN
SRCL,SRCL
RSG,RSG
ECOL,ECOL
CWST,CWST
PESI,PESI
CLH,CLH
MTSC,MTSC
HBIO,HBIO
BRKR,BRKR
TMO,TMO
PKI,PKI
A,A
BIO,BIO
GE,GE
MTD,MTD
DHR,DHR
AEE,AEE
XEL,XEL
LNT,LNT
DUK,DUK
PCG,PCG
AVA,AVA
DTE,DTE
CMS,CMS
BAC,BAC
GSBC,GSBC
RF,RF
KEY,KEY
PNC,PNC
JPM,JPM
USB,USB
FHN,FHN
C,C
BKD,BKD
HTA,HTA
DOC,DOC
PEAK,PEAK
VTR,VTR
UHT,UHT
SBRA,SBRA
TIPT,TIPT
TDC,TDC
STX,STX
SMCI,SMCI
HPQ,HPQ
NTGR,NTGR
NTAP,NTAP
GPN,GPN
WEX,WEX
FIS,FIS
MA,MA
MGI,MGI
IP,IP
GPK,GPK
PKG,PKG
CLW,CLW
MONDY,MONDY
TWO,TWO
CFP,CFP
VTR,VTR
HRELY,HRELY
WSO.B,WSO.B
SHLDQ,SHLDQ
ELUXY,ELUXY
GE,GE
WHRL3,WHRL3
UGPA3,UGPA3
EPD,EPD
ENB,ENB
BWP,BWP
SWN,SWN
EQT,EQT
ET,ET
AJG,AJG
AON,AON
BRO,BRO
MMC,MMC
SCHYY,SCHYY
MCRI,MCRI
BYD,BYD
CNTY,CNTY
MLCO,MLCO
LVS,LVS
PENN,PENN
WYNMY,WYNMY
MGM,MGM
LNT,LNT
DUK,DUK
IDA,IDA
PNM,PNM
PCG,PCG
AVA,AVA
DTE,DTE
WEC,WEC
PPL,PPL
CMS,CMS
RICOY,RICOY
DXC,DXC
PBI,PBI
ACN,ACN
HPQ,HPQ
IBM,IBM
FUJIY,FUJIY
CAJ,CAJ
TXN,TXN
ON,ON
IBM,IBM
LSCC,LSCC
CY,CY
QCOM,QCOM
QUIK,QUIK
IEX,IEX
GGG,GGG
TMO,TMO
FELE,FELE
ITT,ITT
FLS,FLS
GRC,GRC
CFX,CFX
TTC,TTC
DRI,DRI
CMG,CMG
DPZ,DPZ
WTBDY,WTBDY
EAT,EAT
MCD,MCD
WEN,WEN
JACK,JACK
SBUX,SBUX
JNJ,JNJ
NUVA,NUVA
SNN,SNN
GMED,GMED
RTIX,RTIX
SYK,SYK
CNMD,CNMD
WMGI,WMGI
GBCI,GBCI
NBHC,NBHC
WAL,WAL
USB,USB
FIBK,FIBK
PMBC,PMBC
LLY,LLY
ICCC,ICCC
SNY,SNY
PFE,PFE
PAHC,PAHC
KIN,KIN
HSKA,HSKA
PARNF,PARNF
MRK,MRK
